{"cameraMode":{"drawMode":0,"name":"Shaded","section":"Shading Mode"},"sceneLighting":false,"audioPlay":false,"sceneViewState":{"showFog":true,"showMaterialUpdate":false,"showSkybox":false,"showFlares":true,"showImageEffects":true,"showParticleSystems":true},"in2DMode":false,"pivot":{"x":-0.011531077325344086,"y":0.548859715461731,"z":1.975846529006958},"rotation":{"x":-0.4074456989765167,"y":0.5707937479019165,"z":-0.3895019590854645,"w":-0.5970516800880432},"size":0.2857884168624878,"orthographic":false}