{"cameraMode":{"drawMode":0,"name":"Shaded","section":"Shading Mode"},"sceneLighting":true,"audioPlay":false,"sceneViewState":{"showFog":true,"showMaterialUpdate":false,"showSkybox":true,"showFlares":true,"showImageEffects":true,"showParticleSystems":true},"in2DMode":false,"pivot":{"x":595.0791625976563,"y":299.3619079589844,"z":-49.441070556640628},"rotation":{"x":-0.04663688316941261,"y":0.08141791820526123,"z":-0.003813797840848565,"w":-0.9955810904502869},"size":978.0286865234375,"orthographic":true}